Time,Temperature,Dew Point,Humidity,Wind,Wind Speed,Wind Gust,Pressure,Precip.,Condition
6/1/2022,46,41,83,CALM,0,0,30.1,0,Cloudy
6/1/2022,45,41,86,ENE,3,0,30.11,0,Partly Cloudy
6/1/2022,45,41,87,VAR,3,0,30.11,0,Mostly Cloudy
6/1/2022,45,42,90,CALM,0,0,30.13,0,Cloudy
6/1/2022,45,42,90,CALM,0,0,30.13,0,Cloudy
6/1/2022,45,43,93,VAR,7,0,30.13,0,Cloudy
6/1/2022,45,42,90,NNE,7,0,30.13,0,Cloudy
6/1/2022,45,41,86,CALM,0,0,30.13,0,Cloudy
6/1/2022,45,43,93,CALM,0,0,30.13,0,Mostly Cloudy
6/1/2022,45,41,86,VAR,5,0,30.13,0,Mostly Cloudy
6/1/2022,45,41,87,VAR,3,0,30.13,0,Mostly Cloudy
6/1/2022,45,43,93,CALM,0,0,30.13,0,Mostly Cloudy
6/1/2022,45,43,93,CALM,0,0,30.13,0,Mostly Cloudy
6/1/2022,46,43,87,NNW,6,0,30.11,0,Mostly Cloudy
6/1/2022,46,42,86,NNW,7,0,30.11,0,Mostly Cloudy
6/1/2022,46,43,87,NNW,7,0,30.11,0,Partly Cloudy
6/1/2022,45,42,90,NE,5,0,30.14,0,Mostly Cloudy
6/1/2022,45,41,86,NNW,6,0,30.14,0,Mostly Cloudy
6/1/2022,46,43,87,NNE,8,0,30.15,0,Mostly Cloudy
6/1/2022,47,41,80,NNE,9,0,30.15,0,Mostly Cloudy
6/1/2022,46,41,81,N,8,0,30.15,0,Mostly Cloudy
6/1/2022,46,41,81,VAR,5,0,30.15,0,Cloudy
6/1/2022,46,42,86,CALM,0,0,30.15,0,Cloudy
6/1/2022,46,43,87,CALM,0,0,30.15,0,Cloudy
6/1/2022,46,41,81,VAR,6,0,30.15,0,Mostly Cloudy
6/1/2022,47,41,80,VAR,5,0,30.15,0,Mostly Cloudy
6/1/2022,46,41,81,VAR,3,0,30.15,0,Mostly Cloudy
6/1/2022,46,41,81,ENE,13,0,30.15,0,Mostly Cloudy
6/1/2022,48,43,82,VAR,7,0,30.14,0,Mostly Cloudy
6/1/2022,49,41,74,VAR,5,0,30.14,0,Mostly Cloudy
6/1/2022,52,41,67,VAR,6,0,30.11,0,Mostly Cloudy
6/1/2022,51,41,68,NNE,8,0,30.11,0,Mostly Cloudy
6/1/2022,52,41,67,NE,8,0,30.1,0,Mostly Cloudy
6/1/2022,50,43,76,SW,9,0,30.09,0,Partly Cloudy
6/1/2022,49,42,77,SW,8,0,30.09,0,Fair
6/1/2022,50,43,76,WSW,8,0,30.07,0,Fair
6/1/2022,50,42,74,W,5,0,30.07,0,Fair
6/1/2022,52,42,69,N,13,0,30.06,0,Fair
6/1/2022,52,43,71,N,12,0,30.06,0,Fair
6/1/2022,52,43,71,N,9,0,30.07,0,Fair
6/1/2022,50,42,74,NNE,12,0,30.06,0,Partly Cloudy
6/1/2022,50,43,76,NNE,13,17,30.06,0,Mostly Cloudy
6/1/2022,46,43,87,N,8,0,30.08,0,Cloudy
6/1/2022,47,42,83,CALM,0,0,30.09,0,Cloudy
6/1/2022,46,42,86,N,6,0,30.09,0,Cloudy
6/1/2022,46,41,83,CALM,0,0,30.09,0,Cloudy
6/2/2022,45,41,86,CALM,0,0,30.09,0,Cloudy
6/2/2022,45,42,90,N,9,0,30.09,0,Cloudy
6/2/2022,45,43,93,NNW,7,0,30.08,0,Cloudy
6/2/2022,45,43,93,NNE,8,0,30.08,0,Cloudy
6/2/2022,45,42,90,NE,7,0,30.08,0,Cloudy
6/2/2022,45,43,93,CALM,0,0,30.08,0,Cloudy
6/2/2022,45,43,93,CALM,0,0,30.08,0,Cloudy
6/2/2022,45,43,93,CALM,0,0,30.08,0,Cloudy
6/2/2022,45,43,93,CALM,0,0,30.08,0,Cloudy
6/2/2022,45,42,90,CALM,0,0,30.07,0,Cloudy
6/2/2022,45,43,93,CALM,0,0,30.07,0,Cloudy
6/2/2022,45,41,87,CALM,0,0,30.07,0,Cloudy
6/2/2022,45,41,87,VAR,5,0,30.06,0,Cloudy
6/2/2022,44,41,89,VAR,3,0,30.06,0,Cloudy
6/2/2022,44,42,93,CALM,0,0,30.04,0,Cloudy
6/2/2022,45,43,93,CALM,0,0,30.04,0,Mostly Cloudy
6/2/2022,44,42,93,CALM,0,0,30.04,0,Mostly Cloudy
6/2/2022,45,43,93,VAR,3,0,30.03,0,Mostly Cloudy
6/2/2022,45,43,93,CALM,0,0,30.03,0,Mostly Cloudy
6/2/2022,44,42,93,NNE,7,0,30.03,0,Light Drizzle
6/2/2022,45,42,90,VAR,3,0,30.03,0,Light Drizzle
6/2/2022,45,42,90,NE,7,0,30.03,0,Light Drizzle
6/2/2022,46,43,87,CALM,0,0,30.03,0,Light Drizzle
6/2/2022,47,43,86,VAR,5,0,30.03,0,Cloudy
6/2/2022,47,43,86,NNE,9,0,30.02,0,Light Drizzle
6/2/2022,48,45,87,NNE,7,0,30.01,0,Mostly Cloudy
6/2/2022,48,45,87,VAR,5,0,30.01,0,Mostly Cloudy
6/2/2022,48,43,82,NNE,8,0,30.01,0,Mostly Cloudy
6/2/2022,48,43,82,NNE,10,0,30.01,0,Mostly Cloudy
6/2/2022,48,45,87,NE,9,17,30,0,Mostly Cloudy
6/2/2022,50,44,80,VAR,3,0,30,0,Mostly Cloudy
6/2/2022,48,44,86,S,9,0,29.99,0,Mostly Cloudy
6/2/2022,50,45,82,S,8,0,29.96,0,Mostly Cloudy
6/2/2022,50,45,82,S,7,0,29.96,0,Mostly Cloudy
6/2/2022,52,43,71,VAR,3,0,29.94,0,Partly Cloudy
6/2/2022,51,43,74,N,7,0,29.94,0,Partly Cloudy
6/2/2022,52,43,71,NNE,6,0,29.92,0,Partly Cloudy
6/2/2022,50,43,77,N,6,0,29.92,0,Partly Cloudy
6/2/2022,50,43,76,N,6,0,29.92,0,Partly Cloudy
6/2/2022,51,43,74,S,5,0,29.9,0,Mostly Cloudy
6/2/2022,50,43,77,W,5,0,29.89,0,Cloudy
6/2/2022,50,43,77,NW,5,0,29.9,0,Partly Cloudy
6/2/2022,49,43,80,NW,5,0,29.89,0,Mostly Cloudy
6/2/2022,47,42,83,CALM,0,0,29.88,0,Partly Cloudy
6/3/2022,48,41,77,NNE,5,0,29.87,0,Cloudy
6/3/2022,48,41,77,N,3,0,29.85,0,Mostly Cloudy
6/3/2022,48,41,77,NE,5,0,29.84,0,Cloudy
6/3/2022,49,41,74,CALM,0,0,29.83,0,Cloudy
6/3/2022,48,42,80,CALM,0,0,29.82,0,Cloudy
6/3/2022,49,42,77,CALM,0,0,29.78,0,Mostly Cloudy
6/3/2022,50,43,76,N,5,0,29.76,0,Mostly Cloudy
6/3/2022,52,43,71,CALM,0,0,29.76,0,Mostly Cloudy
6/3/2022,52,43,71,S,6,0,29.74,0,Mostly Cloudy
6/3/2022,54,43,66,SSE,6,0,29.74,0,Mostly Cloudy
6/3/2022,56,43,62,SSE,7,0,29.73,0,Partly Cloudy
6/3/2022,55,43,64,SSE,10,0,29.72,0,Partly Cloudy
6/3/2022,57,43,59,SSE,10,0,29.72,0,Partly Cloudy
6/3/2022,57,43,59,SSE,12,0,29.71,0,Partly Cloudy
6/3/2022,56,44,64,VAR,5,0,29.7,0,Mostly Cloudy
6/3/2022,54,43,67,N,8,0,29.7,0,Mostly Cloudy
6/3/2022,54,42,64,N,8,0,29.7,0,Mostly Cloudy
6/3/2022,54,45,72,NNE,7,0,29.7,0,Mostly Cloudy
6/3/2022,53,43,69,NNE,7,0,29.7,0,Mostly Cloudy
6/3/2022,54,43,67,NNE,7,0,29.7,0,Mostly Cloudy
6/3/2022,54,43,67,N,7,0,29.7,0,Mostly Cloudy
6/3/2022,50,43,77,NNE,7,0,29.69,0,Mostly Cloudy
6/3/2022,50,44,80,NNE,9,0,29.69,0,Cloudy
6/3/2022,50,43,77,N,5,0,29.71,0,Mostly Cloudy
6/3/2022,47,43,86,E,7,0,29.72,0,Fair
6/3/2022,46,42,86,NE,7,0,29.73,0,Fair
6/4/2022,43,42,97,NNE,3,0,29.74,0,Cloudy
6/4/2022,43,43,100,ENE,3,0,29.73,0,Cloudy
6/4/2022,43,42,97,CALM,0,0,29.73,0,Cloudy
6/4/2022,45,43,93,CALM,0,0,29.73,0,Cloudy
6/4/2022,44,42,93,CALM,0,0,29.73,0,Mostly Cloudy
6/4/2022,44,41,89,CALM,0,0,29.73,0,Cloudy
6/4/2022,45,43,93,S,6,0,29.72,0,Mostly Cloudy
6/4/2022,49,44,83,SSE,8,0,29.72,0,Partly Cloudy
6/4/2022,50,44,80,SSE,10,0,29.7,0,Mostly Cloudy
6/4/2022,52,44,74,SSE,6,0,29.7,0,Partly Cloudy
6/4/2022,54,45,72,SSE,7,0,29.7,0,Partly Cloudy
6/4/2022,55,45,67,SSE,8,0,29.69,0,Partly Cloudy
6/4/2022,57,44,62,SSE,8,0,29.68,0,Partly Cloudy
6/4/2022,57,44,62,S,10,0,29.68,0,Partly Cloudy
6/4/2022,57,43,59,S,10,0,29.67,0,Mostly Cloudy
6/4/2022,57,44,62,VAR,6,0,29.67,0,Mostly Cloudy
6/4/2022,55,43,64,WSW,5,0,29.67,0,Cloudy
6/4/2022,51,41,68,CALM,0,0,29.68,0,Cloudy
6/4/2022,47,40,77,ESE,5,0,29.69,0,Fair
6/5/2022,46,41,83,E,7,0,29.69,0,Cloudy
6/5/2022,44,41,89,SE,6,0,29.67,0,Fair
6/5/2022,43,41,93,SSE,5,0,29.67,0,Fair
6/5/2022,44,42,93,SSE,5,0,29.66,0,Fair
6/5/2022,44,41,89,SSE,3,0,29.65,0,Mostly Cloudy
6/5/2022,45,42,90,SE,3,0,29.65,0,Mostly Cloudy
6/5/2022,47,42,83,SSE,6,0,29.65,0,Mostly Cloudy
6/5/2022,49,42,77,SSE,5,0,29.65,0,Mostly Cloudy
6/5/2022,52,41,66,VAR,5,0,29.64,0,Fair
6/5/2022,57,42,57,SSE,7,0,29.63,0,Fair
6/5/2022,55,43,63,SSE,12,0,29.63,0,Partly Cloudy
6/5/2022,55,43,63,SSE,13,0,29.63,0,Partly Cloudy
6/5/2022,55,43,64,SSE,13,0,29.63,0,Partly Cloudy
6/5/2022,57,44,62,VAR,6,0,29.63,0,Partly Cloudy
6/5/2022,55,45,67,VAR,3,0,29.63,0,Fair
6/5/2022,57,44,62,VAR,5,0,29.63,0,Fair
6/5/2022,54,45,72,VAR,3,0,29.63,0,Fair
6/5/2022,55,43,63,SSE,9,0,29.63,0,Fair
6/5/2022,56,43,62,SSE,10,0,29.63,0,Fair
6/5/2022,55,43,63,VAR,5,0,29.64,0,Fair
6/5/2022,55,42,62,VAR,6,0,29.64,0,Fair
6/5/2022,55,43,63,VAR,6,0,29.63,0,Fair
6/5/2022,54,42,64,SSE,9,0,29.64,0,Fair
6/5/2022,53,42,66,SSE,8,0,29.65,0,Fair
6/5/2022,51,42,71,SSE,6,0,29.66,0,Fair
6/5/2022,50,43,77,NNW,3,0,29.69,0,Mostly Cloudy
6/5/2022,47,41,80,ESE,3,0,29.71,0,Cloudy
6/6/2022,46,41,83,CALM,0,0,29.72,0,Mostly Cloudy
6/6/2022,45,42,90,CALM,0,0,29.74,0,Fair
6/6/2022,43,40,89,CALM,0,0,29.74,0,Fair
6/6/2022,42,40,92,CALM,0,0,29.74,0,Fair
6/6/2022,43,41,93,CALM,0,0,29.74,0,Fair
6/6/2022,45,43,93,NNW,5,0,29.74,0,Partly Cloudy
6/6/2022,44,42,93,NNW,3,0,29.75,0,Patches of Fog
6/6/2022,44,43,96,W,6,0,29.75,0,Patches of Fog
6/6/2022,45,43,93,CALM,0,0,29.75,0,Light Rain
6/6/2022,45,43,93,WNW,5,0,29.75,0,Patches of Fog
6/6/2022,45,43,93,NW,5,0,29.75,0,Patches of Fog
6/6/2022,45,43,93,W,3,0,29.76,0,Shallow Fog
6/6/2022,46,44,93,CALM,0,0,29.75,0,Shallow Fog
6/6/2022,48,44,86,WSW,3,0,29.76,0,Mostly Cloudy
6/6/2022,54,45,72,CALM,0,0,29.73,0,Mostly Cloudy
6/6/2022,59,46,62,VAR,5,0,29.73,0,Partly Cloudy
6/6/2022,56,45,67,S,6,0,29.74,0,Shallow Fog
6/6/2022,56,46,69,SSE,10,0,29.73,0,Shallow Fog
6/6/2022,55,45,67,S,10,0,29.73,0,Fair
6/6/2022,56,46,69,S,9,0,29.73,0,Fair
6/6/2022,57,46,67,S,9,0,29.73,0,Shallow Fog
6/6/2022,55,46,72,S,9,0,29.73,0,Shallow Fog
6/6/2022,54,45,72,S,10,0,29.73,0,Shallow Fog
6/6/2022,54,45,72,S,12,0,29.73,0,Fair
6/6/2022,48,44,86,S,10,0,29.74,0,Fair
6/6/2022,48,45,89,S,8,0,29.76,0,Fair
6/6/2022,47,45,93,S,5,0,29.78,0,Fair
6/7/2022,46,44,93,S,3,0,29.8,0,Fair
6/7/2022,47,45,93,CALM,0,0,29.8,0,Fair
6/7/2022,48,46,93,N,5,0,29.8,0,Partly Cloudy
6/7/2022,48,46,93,N,6,0,29.8,0,Fair
6/7/2022,45,43,93,CALM,0,0,29.81,0,Fair
6/7/2022,46,45,93,NNE,3,0,29.81,0,Partly Cloudy
6/7/2022,46,45,93,N,3,0,29.81,0,Mostly Cloudy
6/7/2022,45,44,97,CALM,0,0,29.81,0,Partly Cloudy
6/7/2022,45,43,93,CALM,0,0,29.82,0,Shallow Fog
6/7/2022,45,44,97,NNE,5,0,29.83,0,Patches of Fog
6/7/2022,45,45,100,NNE,6,0,29.83,0,Patches of Fog
6/7/2022,46,44,93,NNE,7,0,29.83,0,Patches of Fog
6/7/2022,46,45,96,VAR,5,0,29.84,0,Patches of Fog
6/7/2022,46,45,93,VAR,3,0,29.86,0,Shallow Fog
6/7/2022,47,44,90,S,6,0,29.87,0,Cloudy
6/7/2022,48,45,89,N,7,0,29.87,0,Shallow Fog
6/7/2022,50,45,82,NNE,8,0,29.88,0,Mostly Cloudy
6/7/2022,50,45,82,NNE,6,0,29.88,0,Cloudy
6/7/2022,50,45,83,VAR,5,0,29.88,0,Cloudy
6/7/2022,50,45,82,VAR,5,0,29.89,0,Mostly Cloudy
6/7/2022,50,45,83,CALM,0,0,29.89,0,Mostly Cloudy
6/7/2022,50,45,82,NE,6,0,29.89,0,Mostly Cloudy
6/7/2022,50,45,82,CALM,0,0,29.89,0,Cloudy
6/7/2022,50,45,83,VAR,6,0,29.89,0,Cloudy
6/7/2022,48,45,87,VAR,6,0,29.89,0,Cloudy
6/7/2022,48,45,87,VAR,3,0,29.89,0,Light Rain
6/7/2022,48,45,89,NNE,3,0,29.89,0,Light Rain
6/7/2022,48,45,87,CALM,0,0,29.89,0,Light Rain
6/7/2022,48,45,87,CALM,0,0,29.89,0,Light Rain
6/7/2022,48,45,89,CALM,0,0,29.89,0,Light Rain
6/7/2022,48,45,87,CALM,0,0,29.9,0,Light Rain
6/7/2022,48,45,87,CALM,0,0,29.9,0,Cloudy
6/7/2022,48,45,87,NE,5,0,29.9,0,Cloudy
6/7/2022,47,45,93,CALM,0,0,29.91,0,Cloudy
6/8/2022,47,44,90,CALM,0,0,29.91,0,Cloudy
6/8/2022,47,44,90,ENE,3,0,29.91,0,Cloudy
6/8/2022,46,45,93,ENE,3,0,29.91,0,Cloudy
6/8/2022,46,45,93,E,3,0,29.9,0,Cloudy
6/8/2022,46,45,93,CALM,0,0,29.89,0,Cloudy
6/8/2022,45,43,93,CALM,0,0,29.87,0,Cloudy
6/8/2022,46,44,93,CALM,0,0,29.87,0,Cloudy
6/8/2022,46,44,93,CALM,0,0,29.86,0,Mostly Cloudy
6/8/2022,46,44,93,NNE,5,0,29.85,0,Mostly Cloudy
6/8/2022,48,45,87,NNE,5,0,29.86,0,Cloudy
6/8/2022,48,45,89,NNE,6,0,29.86,0,Light Rain
6/8/2022,50,46,87,NNW,3,0,29.85,0,Mostly Cloudy
6/8/2022,50,47,89,WNW,3,0,29.85,0,Mostly Cloudy
6/8/2022,52,46,82,WNW,3,0,29.85,0,Mostly Cloudy
6/8/2022,52,46,82,NNW,6,0,29.84,0,Mostly Cloudy
6/8/2022,52,47,83,N,3,0,29.84,0,Mostly Cloudy
6/8/2022,54,47,77,N,7,0,29.81,0,Mostly Cloudy
6/8/2022,54,47,77,NNE,9,0,29.81,0,Mostly Cloudy
6/8/2022,54,46,77,NNE,9,0,29.8,0,Cloudy
6/8/2022,55,46,72,NNE,10,0,29.79,0,Mostly Cloudy
6/8/2022,54,47,77,N,12,0,29.79,0,Mostly Cloudy
6/8/2022,54,46,77,NNE,10,0,29.79,0,Mostly Cloudy
6/8/2022,54,46,77,NNE,9,0,29.78,0,Mostly Cloudy
6/8/2022,53,46,77,NNE,7,0,29.78,0,Mostly Cloudy
6/8/2022,54,46,77,NNE,8,0,29.78,0,Mostly Cloudy
6/8/2022,55,47,74,NNE,9,0,29.77,0,Mostly Cloudy
6/8/2022,55,46,72,NNE,12,0,29.77,0,Mostly Cloudy
6/8/2022,55,46,72,NNE,9,0,29.77,0,Mostly Cloudy
6/8/2022,55,46,72,N,9,0,29.76,0,Mostly Cloudy
6/8/2022,54,47,77,N,9,0,29.76,0,Mostly Cloudy
6/8/2022,54,46,77,NNE,8,0,29.75,0,Partly Cloudy
6/8/2022,54,46,77,N,9,0,29.75,0,Fair
6/8/2022,54,46,75,N,10,0,29.75,0,Fair
6/8/2022,53,46,77,N,12,0,29.76,0,Fair
6/8/2022,51,46,83,N,12,0,29.76,0,Fair
6/8/2022,49,46,90,N,8,0,29.76,0,Fair
6/9/2022,48,45,89,N,6,0,29.76,0,Fair
6/9/2022,48,45,89,N,3,0,29.74,0,Fair
6/9/2022,47,45,93,N,5,0,29.73,0,Fair
6/9/2022,47,44,90,N,6,0,29.71,0,Fair
6/9/2022,47,44,90,NW,7,0,29.69,0,Fair
6/9/2022,46,44,93,CALM,0,0,29.68,0,Partly Cloudy
6/9/2022,48,45,89,N,5,0,29.67,0,Partly Cloudy
6/9/2022,51,45,80,N,7,0,29.66,0,Fair
6/9/2022,53,45,74,NNW,8,0,29.66,0,Fair
6/9/2022,54,46,75,NNE,8,0,29.64,0,Fair
6/9/2022,54,46,75,NNE,10,0,29.63,0,Fair
6/9/2022,58,46,65,NNE,7,0,29.63,0,Fair
6/9/2022,60,47,62,NNE,8,0,29.61,0,Fair
6/9/2022,61,46,59,NNE,10,0,29.61,0,Fair
6/9/2022,58,47,67,NNE,15,0,29.6,0,Fair
6/9/2022,55,46,72,NNE,14,0,29.6,0,Fair
6/9/2022,55,47,74,NNE,14,0,29.6,0,Fair
6/9/2022,54,46,77,NE,13,0,29.6,0,Fair
6/9/2022,54,46,77,NNE,15,0,29.6,0,Mostly Cloudy
6/9/2022,55,46,72,NNE,13,0,29.6,0,Mostly Cloudy
6/9/2022,55,46,72,NNE,13,0,29.59,0,Mostly Cloudy
6/9/2022,56,48,75,NNE,15,0,29.59,0,Mostly Cloudy
6/9/2022,55,46,72,NNE,13,0,29.59,0,Mostly Cloudy
6/9/2022,55,48,77,NNE,12,0,29.59,0,Mostly Cloudy
6/9/2022,57,48,72,NNE,12,0,29.58,0,Mostly Cloudy
6/9/2022,57,46,67,NNE,12,0,29.59,0,Fair
6/9/2022,57,47,69,NNE,8,0,29.58,0,Fair
6/9/2022,53,47,80,NNE,6,0,29.59,0,Fair
6/9/2022,51,46,83,NNE,6,0,29.61,0,Fair
6/9/2022,50,46,86,NNE,6,0,29.61,0,Fair
6/10/2022,48,44,86,ENE,5,0,29.61,0,Fair
6/10/2022,46,44,93,CALM,0,0,29.61,0,Fair
6/10/2022,47,44,90,CALM,0,0,29.6,0,Fair
6/10/2022,46,44,93,N,3,0,29.58,0,Mostly Cloudy
6/10/2022,45,43,93,CALM,0,0,29.57,0,Fair
6/10/2022,46,43,89,NNE,6,0,29.56,0,Mostly Cloudy
6/10/2022,48,45,89,CALM,0,0,29.54,0,Mostly Cloudy
6/10/2022,48,45,87,CALM,0,0,29.54,0,Mostly Cloudy
6/10/2022,54,45,72,SW,5,0,29.53,0,Mostly Cloudy
6/10/2022,55,45,69,NW,5,0,29.52,0,Mostly Cloudy
6/10/2022,55,45,67,NW,6,0,29.52,0,Mostly Cloudy
6/10/2022,57,45,63,NW,6,0,29.52,0,Mostly Cloudy
6/10/2022,57,46,67,NW,8,0,29.52,0,Mostly Cloudy
6/10/2022,59,47,64,NNW,6,0,29.5,0,Mostly Cloudy
6/10/2022,63,46,55,VAR,3,0,29.49,0,Mostly Cloudy
6/10/2022,62,46,56,VAR,5,0,29.49,0,Mostly Cloudy
6/10/2022,61,46,59,NW,12,0,29.48,0,Mostly Cloudy
6/10/2022,61,47,60,NW,12,0,29.48,0,Mostly Cloudy
6/10/2022,64,46,52,WNW,9,0,29.48,0,Fair
6/10/2022,64,45,50,NW,8,0,29.48,0,Fair
6/10/2022,63,46,55,NNE,9,0,29.47,0,Fair
6/10/2022,63,45,52,NNW,10,0,29.47,0,Fair
6/10/2022,64,47,54,NNE,7,0,29.47,0,Fair
6/10/2022,64,46,52,NW,8,0,29.47,0,Fair
6/10/2022,66,45,46,NW,14,0,29.47,0,Fair
6/10/2022,67,45,45,NW,14,0,29.46,0,Fair
6/10/2022,66,45,46,NNW,12,0,29.47,0,Fair
6/10/2022,66,45,47,NNW,12,0,29.46,0,Fair
6/10/2022,63,46,55,N,13,0,29.46,0,Fair
6/10/2022,64,46,52,N,10,0,29.46,0,Fair
6/10/2022,63,47,56,N,9,0,29.46,0,Fair
6/10/2022,63,46,55,N,8,0,29.46,0,Fair
6/10/2022,61,47,60,NNE,7,0,29.47,0,Fair
6/10/2022,59,46,62,VAR,6,0,29.49,0,Cloudy
6/10/2022,56,45,67,ENE,6,0,29.5,0,Cloudy
6/10/2022,57,44,62,NE,5,0,29.53,0,Fair
6/10/2022,53,43,69,N,3,0,29.54,0,Fair
6/11/2022,52,44,74,CALM,0,0,29.54,0,Fair
6/11/2022,51,44,77,VAR,3,0,29.55,0,Fair
6/11/2022,51,44,77,N,7,0,29.56,0,Fair
6/11/2022,50,43,77,N,10,0,29.57,0,Fair
6/11/2022,49,44,83,N,9,0,29.59,0,Fair
6/11/2022,50,44,80,NE,3,0,29.6,0,Partly Cloudy
6/11/2022,50,45,83,NNW,8,0,29.63,0,Partly Cloudy
6/11/2022,52,44,74,N,7,0,29.64,0,Partly Cloudy
6/11/2022,53,45,74,N,10,0,29.65,0,Partly Cloudy
6/11/2022,53,45,74,NNE,9,0,29.65,0,Partly Cloudy
6/11/2022,55,45,69,N,9,0,29.66,0,Haze
6/11/2022,55,46,72,NE,6,0,29.67,0,Mostly Cloudy
6/11/2022,58,43,58,NNE,3,0,29.69,0,Partly Cloudy
6/11/2022,59,45,60,S,8,0,29.7,0,Partly Cloudy
6/11/2022,58,45,62,SSE,10,0,29.7,0,Partly Cloudy
6/11/2022,58,45,62,SSE,14,0,29.71,0,Partly Cloudy
6/11/2022,60,47,62,VAR,3,0,29.73,0,Fair
6/11/2022,60,46,60,SSE,6,0,29.73,0,Fair
6/11/2022,52,46,80,NNE,3,0,29.76,0,Fair
6/12/2022,47,44,90,CALM,0,0,29.79,0,Fair
6/12/2022,46,44,93,,0,0,29.79,0,Fair
6/12/2022,45,43,93,NE,3,0,29.78,0,Fair
6/12/2022,45,43,93,VAR,3,0,29.79,0,Fair
6/12/2022,46,45,93,SSE,5,0,29.78,0,Light Rain
6/12/2022,46,45,93,ESE,3,0,29.78,0,Light Rain
6/12/2022,45,45,100,CALM,0,0,29.78,0,Fog
6/12/2022,46,45,93,SSE,5,0,29.78,0,Fog
6/12/2022,45,44,97,VAR,3,0,29.78,0,Fog
6/12/2022,46,45,93,SE,7,0,29.78,0,Light Rain
6/12/2022,46,45,93,SSE,8,0,29.78,0,Light Rain
6/12/2022,45,45,100,S,9,0,29.78,0,Cloudy
6/12/2022,46,45,96,SSE,10,0,29.78,0,Cloudy
6/12/2022,45,45,100,SSE,9,0,29.78,0,Patches of Fog
6/12/2022,46,45,93,SSE,7,0,29.78,0,Cloudy
6/12/2022,46,45,93,SSE,10,0,29.78,0,Mostly Cloudy
6/12/2022,46,44,93,SSE,8,0,29.78,0,Mostly Cloudy
6/12/2022,46,45,93,S,9,0,29.78,0,Mostly Cloudy
6/12/2022,46,45,93,SSE,7,0,29.78,0,Mostly Cloudy
6/12/2022,46,45,93,S,10,0,29.78,0,Cloudy
6/12/2022,46,45,93,SSE,7,0,29.77,0,Cloudy
6/12/2022,47,44,90,SSE,7,0,29.77,0,Cloudy
6/12/2022,46,45,93,SSE,7,0,29.77,0,Cloudy
6/12/2022,46,45,93,SSE,10,0,29.77,0,Cloudy
6/12/2022,46,43,87,SSE,9,0,29.77,0,Cloudy
6/12/2022,47,44,90,SSE,12,0,29.77,0,Cloudy
6/12/2022,46,43,87,SSE,10,0,29.77,0,Cloudy
6/12/2022,48,45,87,SSE,9,0,29.76,0,Cloudy
6/12/2022,48,43,83,SSE,8,0,29.76,0,Cloudy
6/12/2022,48,43,82,SSE,10,0,29.76,0,Cloudy
6/12/2022,48,43,83,SSE,12,0,29.75,0,Cloudy
6/12/2022,48,43,83,SSE,10,0,29.76,0,Cloudy
6/12/2022,48,45,87,SSE,10,0,29.76,0,Cloudy
6/12/2022,48,43,82,S,10,0,29.75,0,Cloudy
6/12/2022,48,43,83,SSE,10,0,29.75,0,Cloudy
6/12/2022,46,43,87,S,12,0,29.73,0,Cloudy
6/12/2022,48,42,80,S,12,0,29.73,0,Cloudy
6/12/2022,48,43,82,SSE,9,0,29.72,0,Cloudy
6/12/2022,48,41,77,S,10,0,29.72,0,Cloudy
6/12/2022,48,41,77,SSE,6,0,29.71,0,Cloudy
6/12/2022,48,41,76,SSE,6,0,29.71,0,Cloudy
6/12/2022,48,42,80,SSE,6,0,29.7,0,Cloudy
6/12/2022,47,42,83,SSE,6,0,29.7,0,Cloudy
6/12/2022,47,42,83,CALM,0,0,29.7,0,Cloudy
6/12/2022,46,43,87,VAR,3,0,29.7,0,Cloudy
6/12/2022,46,45,93,NNW,7,0,29.7,0,Light Rain
6/12/2022,46,44,93,NNW,7,0,29.71,0,Light Rain
6/13/2022,46,45,93,NW,7,0,29.7,0,Light Rain
6/13/2022,46,44,93,NNW,7,0,29.7,0,Light Rain
6/13/2022,46,45,93,NNW,3,0,29.7,0,Light Rain
6/13/2022,46,45,96,N,3,0,29.7,0,Light Rain
6/13/2022,46,45,93,NNE,3,0,29.7,0,Cloudy
6/13/2022,47,45,93,N,3,0,29.7,0,Light Rain
6/13/2022,46,46,100,CALM,0,0,29.7,0,Light Rain
6/13/2022,46,45,93,CALM,0,0,29.7,0,Light Rain
6/13/2022,46,45,93,CALM,0,0,29.69,0,Light Rain
6/13/2022,47,45,93,CALM,0,0,29.69,0,Light Rain
6/13/2022,46,45,93,CALM,0,0,29.69,0,Light Rain
6/13/2022,46,45,93,NNW,5,0,29.69,0,Light Rain
6/13/2022,46,44,93,N,9,0,29.69,0,Light Rain
6/13/2022,46,45,93,N,8,0,29.7,0,Light Rain
6/13/2022,46,44,93,NNW,10,0,29.71,0,Light Rain
6/13/2022,46,44,93,NNW,15,0,29.72,0,Light Rain
6/13/2022,46,45,93,NNW,16,0,29.72,0,Light Rain
6/13/2022,46,43,87,NNW,15,0,29.74,0,Light Rain
6/13/2022,46,43,89,NNW,13,0,29.74,0,Light Rain
6/13/2022,46,43,87,NNW,13,0,29.75,0,Light Rain
6/13/2022,46,43,89,NNW,14,0,29.75,0,Light Rain
6/13/2022,46,43,87,N,22,29,29.76,0,Light Rain / Windy
6/13/2022,47,42,83,N,21,0,29.76,0,Light Rain / Windy
6/13/2022,48,43,82,N,20,0,29.77,0,Cloudy
6/13/2022,48,43,82,N,21,26,29.78,0,Mostly Cloudy / Windy
6/13/2022,48,42,80,N,21,26,29.79,0,Mostly Cloudy / Windy
6/13/2022,48,41,76,N,20,24,29.81,0,Mostly Cloudy
6/13/2022,48,39,71,N,17,0,29.82,0,Mostly Cloudy
6/13/2022,50,40,68,N,17,0,29.82,0,Mostly Cloudy
6/13/2022,50,39,66,N,20,29,29.83,0,Mostly Cloudy
6/13/2022,49,39,69,N,20,29,29.83,0,Mostly Cloudy
6/13/2022,49,39,69,N,18,25,29.85,0,Cloudy
6/13/2022,48,39,71,N,20,40,29.85,0,Mostly Cloudy
6/13/2022,48,39,71,N,20,40,29.85,0,Mostly Cloudy
6/13/2022,48,37,66,N,22,30,29.86,0,Mostly Cloudy / Windy
6/13/2022,49,38,66,N,22,30,29.86,0,Mostly Cloudy / Windy
6/13/2022,48,37,66,N,16,26,29.87,0,Mostly Cloudy
6/13/2022,49,39,69,N,18,25,29.88,0,Mostly Cloudy
6/13/2022,47,36,66,NNW,24,29,29.91,0,Fair / Windy
6/13/2022,46,35,66,NNW,21,0,29.92,0,Fair / Windy
6/13/2022,44,34,68,NNW,16,0,29.96,0,Fair
6/14/2022,43,35,74,N,13,0,29.99,0,Fair
6/14/2022,43,36,76,NNW,16,0,30,0,Fair
6/14/2022,43,36,76,NNW,18,0,30.01,0,Fair
6/14/2022,42,36,79,NNW,16,0,30.02,0,Fair
6/14/2022,42,35,76,N,17,0,30.03,0,Fair
6/14/2022,42,36,79,NNW,14,0,30.04,0,Fair
6/14/2022,45,36,71,N,15,0,30.06,0,Fair
6/14/2022,45,36,71,NNW,15,0,30.07,0,Fair
6/14/2022,47,34,61,N,20,23,30.08,0,Fair
6/14/2022,48,34,57,N,17,0,30.09,0,Partly Cloudy
6/14/2022,50,36,58,N,15,0,30.1,0,Mostly Cloudy
6/14/2022,50,36,58,N,18,0,30.1,0,Mostly Cloudy
6/14/2022,50,36,59,N,17,0,30.1,0,Mostly Cloudy
6/14/2022,50,37,62,N,17,29,30.11,0,Partly Cloudy
6/14/2022,50,39,66,N,16,26,30.13,0,Mostly Cloudy
6/14/2022,51,36,56,N,21,29,30.14,0,Mostly Cloudy / Windy
6/14/2022,52,36,54,NNW,16,25,30.15,0,Mostly Cloudy
6/14/2022,53,37,55,NNW,20,26,30.16,0,Mostly Cloudy
6/14/2022,52,37,58,NNW,20,26,30.16,0,Mostly Cloudy
6/14/2022,52,37,58,N,18,0,30.16,0,Partly Cloudy
6/14/2022,54,36,51,NNW,18,0,30.17,0,Fair
6/14/2022,53,37,55,NNW,18,0,30.17,0,Fair
6/14/2022,52,37,58,NNW,21,0,30.18,0,Fair / Windy
6/14/2022,52,36,54,NNW,22,0,30.18,0,Fair / Windy
6/14/2022,52,37,58,NNW,18,0,30.19,0,Partly Cloudy
6/14/2022,51,38,61,NNW,18,0,30.21,0,Fair
6/14/2022,49,37,64,N,16,0,30.21,0,Fair
6/14/2022,48,38,68,NNW,14,0,30.22,0,Fair
6/14/2022,46,38,73,N,9,0,30.23,0,Fair
6/15/2022,45,38,76,N,5,0,30.24,0,Fair
6/15/2022,45,39,80,N,7,0,30.24,0,Fair
6/15/2022,43,38,82,CALM,0,0,30.24,0,Fair
6/15/2022,43,38,82,CALM,0,0,30.23,0,Fair
6/15/2022,41,37,86,CALM,0,0,30.23,0,Fair
6/15/2022,41,38,89,CALM,0,0,30.23,0,Mostly Cloudy
6/15/2022,42,39,89,CALM,0,0,30.23,0,Partly Cloudy
6/15/2022,46,41,83,CALM,0,0,30.23,0,Mostly Cloudy
6/15/2022,47,39,74,CALM,0,0,30.22,0,Mostly Cloudy
6/15/2022,48,39,71,N,5,0,30.21,0,Partly Cloudy
6/15/2022,49,41,74,NNE,3,0,30.21,0,Partly Cloudy
6/15/2022,50,41,71,WSW,3,0,30.19,0,Partly Cloudy
6/15/2022,51,42,71,SSW,8,0,30.17,0,Fair
6/15/2022,53,43,69,SSE,9,0,30.17,0,Mostly Cloudy
6/15/2022,54,43,67,SSE,9,0,30.17,0,Mostly Cloudy
6/15/2022,52,43,71,SSE,10,0,30.16,0,Mostly Cloudy
6/15/2022,52,43,71,SSE,9,0,30.16,0,Cloudy
6/15/2022,51,42,71,SSE,9,0,30.16,0,Cloudy
6/15/2022,50,41,71,SSE,9,0,30.15,0,Mostly Cloudy
6/15/2022,50,39,66,SE,6,0,30.14,0,Cloudy
6/15/2022,48,41,76,SSE,9,0,30.13,0,Cloudy
6/15/2022,49,41,74,SSE,12,0,30.13,0,Cloudy
6/15/2022,48,41,76,SSE,9,0,30.13,0,Cloudy
6/15/2022,48,43,82,SSE,9,0,30.13,0,Cloudy
6/15/2022,48,42,80,SSE,8,0,30.11,0,Cloudy
6/15/2022,48,42,80,SSE,7,0,30.09,0,Cloudy
6/15/2022,47,43,86,SE,7,0,30.07,0,Light Rain
6/15/2022,46,45,93,SSE,12,0,30.08,0,Light Rain
6/15/2022,45,43,93,SSE,10,0,30.07,0,Light Rain
6/16/2022,44,41,89,SSE,13,0,30.04,0,Light Rain
6/16/2022,45,43,93,SSE,10,16,30.03,0,Light Rain
6/16/2022,45,43,93,SSE,9,0,30.03,0,Light Rain
6/16/2022,45,43,93,SSE,7,0,30.03,0,Light Rain
6/16/2022,44,42,93,SE,7,0,30.03,0,Light Rain
6/16/2022,45,43,93,SSE,8,0,30.03,0,Light Rain
6/16/2022,45,43,93,SSE,8,0,30.02,0,Light Rain
6/16/2022,44,41,89,SSE,7,0,30,0,Cloudy
6/16/2022,45,41,86,SSE,7,0,29.97,0,Cloudy
6/16/2022,44,41,89,SSE,9,0,29.96,0,Light Rain
6/16/2022,44,41,89,SSE,9,16,29.96,0,Light Rain
6/16/2022,45,41,86,SSE,7,0,29.95,0,Light Drizzle
6/16/2022,45,41,86,SSE,7,0,29.94,0,Light Drizzle
6/16/2022,45,43,93,VAR,6,0,29.94,0,Light Drizzle
6/16/2022,45,43,93,SSE,8,0,29.94,0,Light Drizzle
6/16/2022,45,43,93,SE,7,0,29.93,0,Light Drizzle
6/16/2022,45,43,93,VAR,5,0,29.92,0,Light Drizzle
6/16/2022,45,43,93,VAR,6,0,29.92,0,Cloudy
6/16/2022,46,43,87,VAR,6,0,29.91,0,Cloudy
6/16/2022,46,43,87,VAR,6,0,29.92,0,Light Drizzle
6/16/2022,46,43,87,VAR,5,0,29.92,0,Cloudy
6/16/2022,46,43,87,SSE,9,0,29.92,0,Cloudy
6/16/2022,46,43,89,SE,10,0,29.92,0,Cloudy
6/16/2022,45,43,93,SE,8,16,29.92,0,Cloudy
6/16/2022,46,43,87,VAR,7,0,29.92,0,Light Drizzle
6/16/2022,46,43,87,VAR,6,0,29.91,0,Cloudy
6/16/2022,46,43,89,SSE,9,0,29.91,0,Cloudy
6/16/2022,46,43,87,SE,10,16,29.9,0,Cloudy
6/16/2022,46,43,87,VAR,7,0,29.9,0,Fog
6/16/2022,46,43,87,SSE,8,0,29.89,0,Cloudy
6/16/2022,46,45,93,SE,8,0,29.89,0,Cloudy
6/16/2022,46,45,93,SE,8,0,29.89,0,Cloudy
6/16/2022,46,45,93,SSE,8,0,29.9,0,Cloudy
6/16/2022,47,44,90,SSE,9,0,29.9,0,Cloudy
6/16/2022,46,45,93,SE,9,0,29.89,0,Light Drizzle
6/16/2022,46,43,87,SSE,10,17,29.88,0,Cloudy
6/16/2022,46,45,93,SSE,10,20,29.88,0,Cloudy
6/16/2022,46,45,93,SSE,10,20,29.88,0,Light Drizzle
6/16/2022,46,45,93,SE,13,20,29.88,0,Light Drizzle
6/16/2022,46,45,93,SSE,10,18,29.88,0,Light Rain
6/16/2022,46,45,93,SE,9,18,29.88,0,Light Rain
6/16/2022,46,45,93,SSE,10,20,29.88,0,Light Rain
6/16/2022,46,45,93,SSE,9,0,29.87,0,Light Rain
6/16/2022,47,44,90,SSE,10,0,29.87,0,Light Rain
6/16/2022,46,45,93,SSE,10,17,29.87,0,Light Rain
6/16/2022,46,45,93,SE,10,17,29.87,0,Light Rain
6/16/2022,46,45,93,SSE,9,17,29.86,0,Light Rain
6/16/2022,46,45,93,SE,9,17,29.86,0,Light Rain
6/16/2022,48,45,87,SSE,8,16,29.86,0,Light Rain
6/16/2022,48,45,87,SE,9,16,29.86,0,Light Rain
6/16/2022,48,45,87,SSE,7,16,29.85,0,Light Rain
6/16/2022,48,45,89,VAR,5,0,29.85,0,Light Rain
6/16/2022,48,45,87,VAR,3,0,29.85,0,Light Rain
6/16/2022,48,45,87,VAR,3,0,29.85,0,Light Rain
6/16/2022,48,45,87,SSE,8,0,29.85,0,Light Rain
6/16/2022,48,45,87,VAR,7,0,29.84,0,Light Rain
6/16/2022,48,46,93,VAR,6,0,29.83,0,Light Rain
6/16/2022,48,45,87,VAR,3,0,29.82,0,Light Drizzle
6/16/2022,48,45,87,VAR,6,0,29.82,0,Cloudy
6/16/2022,47,45,93,VAR,3,0,29.82,0,Light Rain
6/16/2022,46,45,93,VAR,5,0,29.82,0,Light Rain
6/16/2022,46,45,93,SE,6,0,29.81,0,Light Rain
6/16/2022,46,45,93,VAR,3,0,29.81,0,Light Rain
6/16/2022,46,45,93,VAR,5,0,29.8,0,Light Rain
6/16/2022,46,45,93,VAR,3,0,29.8,0,Rain
6/16/2022,47,45,93,VAR,5,0,29.76,0,Light Rain
6/16/2022,46,45,93,VAR,3,0,29.76,0,Light Rain
6/16/2022,47,45,93,VAR,6,0,29.74,0,Light Rain
6/16/2022,47,45,93,CALM,0,0,29.73,0,Light Rain
6/16/2022,46,45,93,CALM,0,0,29.71,0,Cloudy
6/17/2022,46,45,93,SSE,5,0,29.72,0,Cloudy
6/17/2022,46,45,93,SSE,5,0,29.72,0,Light Rain
6/17/2022,46,45,93,SSE,7,0,29.73,0,Light Rain
6/17/2022,46,45,93,S,5,0,29.73,0,Cloudy
6/17/2022,46,45,96,S,7,0,29.73,0,Cloudy
6/17/2022,45,43,93,SSE,7,0,29.73,0,Fair
6/17/2022,45,42,90,S,16,0,29.72,0,Cloudy
6/17/2022,45,43,93,SE,7,0,29.71,0,Cloudy
6/17/2022,45,43,93,SSE,6,0,29.71,0,Cloudy
6/17/2022,45,43,93,SSE,6,0,29.71,0,Cloudy
6/17/2022,46,45,93,S,12,0,29.71,0,Cloudy
6/17/2022,46,45,93,SSE,13,0,29.7,0,Light Rain
6/17/2022,46,45,93,SSE,12,0,29.7,0,Light Rain
6/17/2022,46,45,96,SSE,14,0,29.7,0,Light Rain
6/17/2022,46,45,93,S,14,0,29.69,0,Light Rain
6/17/2022,46,45,93,S,15,0,29.69,0,Light Rain
6/17/2022,46,45,96,S,16,0,29.69,0,Light Rain
6/17/2022,47,45,93,S,15,0,29.69,0,Light Rain
6/17/2022,46,45,93,S,18,0,29.69,0,Light Rain
6/17/2022,47,45,93,S,20,0,29.69,0,Light Rain
6/17/2022,46,45,93,S,20,0,29.69,0,Light Rain
6/17/2022,46,45,93,S,18,0,29.69,0,Light Rain
6/17/2022,46,46,100,S,17,0,29.69,0,Light Rain
6/17/2022,46,46,100,S,15,0,29.69,0,Light Rain
6/17/2022,48,45,89,S,16,0,29.69,0,Light Rain
6/17/2022,49,45,86,S,14,0,29.7,0,Mostly Cloudy
6/17/2022,48,44,86,S,21,0,29.7,0,Cloudy / Windy
6/17/2022,48,45,87,S,18,0,29.7,0,Cloudy
6/17/2022,48,45,87,S,15,0,29.7,0,Cloudy
6/17/2022,49,45,86,S,17,0,29.7,0,Cloudy
6/17/2022,48,45,87,SSE,16,0,29.7,0,Cloudy
6/17/2022,48,45,87,SSE,13,0,29.69,0,Mostly Cloudy
6/17/2022,48,45,87,SSE,16,21,29.69,0,Light Rain
6/17/2022,48,45,87,SSE,14,0,29.69,0,Mostly Cloudy
6/17/2022,48,45,89,SSE,15,0,29.69,0,Mostly Cloudy
6/17/2022,48,45,87,SSE,13,0,29.69,0,Mostly Cloudy
6/17/2022,46,45,93,SSE,12,0,29.68,0,Mostly Cloudy
6/17/2022,47,45,93,SSE,10,0,29.68,0,Mostly Cloudy
6/17/2022,46,45,93,SSE,12,0,29.67,0,Mostly Cloudy
6/17/2022,46,45,93,SSE,10,0,29.67,0,Mostly Cloudy
6/17/2022,47,44,90,SSE,12,0,29.67,0,Mostly Cloudy
6/17/2022,46,45,93,SSE,12,0,29.67,0,Mostly Cloudy
6/17/2022,46,45,93,SSE,13,0,29.67,0,Cloudy
6/17/2022,47,44,90,SSE,9,0,29.66,0,Cloudy
6/17/2022,46,45,93,SSE,12,18,29.65,0,Cloudy
6/17/2022,45,45,100,SSE,6,0,29.65,0,Cloudy
6/17/2022,45,43,93,SSE,7,0,29.65,0,Cloudy
6/17/2022,45,43,93,SSE,7,0,29.65,0,Cloudy
6/17/2022,45,43,93,SE,7,0,29.64,0,Light Rain
6/17/2022,45,43,93,SSE,9,0,29.64,0,Light Rain
6/17/2022,45,43,93,SSE,7,0,29.65,0,Cloudy
6/17/2022,45,43,93,SE,7,0,29.65,0,Cloudy
6/17/2022,45,45,100,SSE,8,0,29.64,0,Cloudy
6/17/2022,46,45,93,SE,7,0,29.64,0,Cloudy
6/17/2022,46,45,93,SE,7,0,29.64,0,Cloudy
6/18/2022,46,45,93,SE,8,0,29.63,0,Cloudy
6/18/2022,45,43,93,SSE,9,0,29.63,0,Cloudy
6/18/2022,45,43,93,SSE,8,0,29.63,0,Cloudy
6/18/2022,45,43,93,SE,8,0,29.62,0,Cloudy
6/18/2022,45,43,93,SSE,7,0,29.62,0,Light Rain
6/18/2022,45,43,93,SSE,7,0,29.62,0,Light Rain
6/18/2022,44,43,96,SSE,5,0,29.62,0,Light Rain
6/18/2022,45,43,93,SSE,10,0,29.62,0,Light Rain
6/18/2022,45,44,97,SSE,8,0,29.61,0,Cloudy
6/18/2022,45,45,100,SSE,7,0,29.61,0,Cloudy
6/18/2022,45,45,100,SSE,8,0,29.61,0,Cloudy
6/18/2022,45,45,100,SSE,8,0,29.61,0,Cloudy
6/18/2022,45,44,97,SSE,8,0,29.61,0,Cloudy
6/18/2022,45,43,93,SSE,7,0,29.61,0,Cloudy
6/18/2022,45,43,93,SE,6,0,29.61,0,Cloudy
6/18/2022,45,43,93,SSE,8,0,29.61,0,Cloudy
6/18/2022,45,43,93,SE,8,0,29.6,0,Cloudy
6/18/2022,45,43,93,SSE,8,0,29.6,0,Light Rain
6/18/2022,45,43,93,SE,5,0,29.6,0,Light Rain
6/18/2022,45,43,93,SE,5,0,29.6,0,Light Rain
6/18/2022,45,43,93,VAR,5,0,29.59,0,Light Drizzle
6/18/2022,45,43,93,SSE,5,0,29.59,0,Light Drizzle
6/18/2022,46,43,89,CALM,0,0,29.6,0,Light Drizzle
6/18/2022,46,43,87,VAR,3,0,29.6,0,Light Drizzle
6/18/2022,46,43,87,SSE,5,0,29.6,0,Light Drizzle
6/18/2022,45,43,93,SSE,7,0,29.6,0,Light Rain
6/18/2022,45,43,93,SSE,8,0,29.6,0,Light Rain
6/18/2022,45,43,93,SSE,7,0,29.6,0,Light Rain
6/18/2022,45,43,93,SSE,8,0,29.6,0,Light Rain
6/18/2022,45,45,100,S,9,0,29.6,0,Light Rain
6/18/2022,45,45,100,SSE,5,0,29.61,0,Light Rain
6/18/2022,45,45,100,SSE,3,0,29.61,0,Light Rain
6/18/2022,45,45,100,SSE,8,0,29.61,0,Light Rain
6/18/2022,45,45,100,SSE,6,0,29.61,0,Light Rain
6/18/2022,46,45,93,SSE,5,0,29.61,0,Light Rain
6/18/2022,46,45,93,SSE,6,0,29.61,0,Light Rain
6/18/2022,46,44,93,SSE,6,0,29.6,0,Light Rain
6/18/2022,46,45,93,SSE,7,0,29.6,0,Light Rain
6/18/2022,48,45,87,SSE,10,0,29.6,0,Cloudy
6/18/2022,48,45,87,SSE,10,0,29.6,0,Cloudy
6/18/2022,46,45,93,SSE,10,0,29.6,0,Cloudy
6/18/2022,46,45,93,SSE,10,0,29.6,0,Light Drizzle
6/18/2022,47,45,93,S,9,0,29.6,0,Light Drizzle
6/18/2022,48,45,87,SSE,10,0,29.6,0,Light Drizzle
6/18/2022,48,45,87,S,10,0,29.61,0,Light Drizzle
6/18/2022,48,45,87,SSE,10,0,29.61,0,Light Drizzle
6/18/2022,46,45,93,SSE,9,0,29.61,0,Light Drizzle
6/18/2022,46,45,93,SSE,10,0,29.61,0,Light Drizzle
6/18/2022,46,45,93,S,10,0,29.61,0,Light Drizzle
6/18/2022,48,46,93,SSE,8,0,29.61,0,Light Drizzle
6/18/2022,48,45,87,SSE,8,0,29.61,0,Mostly Cloudy
6/18/2022,48,45,87,SSE,9,0,29.61,0,Mostly Cloudy
6/18/2022,48,45,87,SSE,9,0,29.61,0,Mostly Cloudy
6/18/2022,49,44,83,SSE,10,0,29.62,0,Light Rain
6/18/2022,48,45,87,SSE,9,0,29.62,0,Light Rain
6/18/2022,48,45,87,SSE,10,0,29.62,0,Light Rain
6/18/2022,48,45,89,SSE,8,0,29.62,0,Light Rain
6/18/2022,48,45,87,SSE,9,0,29.62,0,Cloudy
6/18/2022,48,45,87,SSE,9,0,29.62,0,Light Rain
6/18/2022,48,45,87,SSE,9,0,29.62,0,Light Rain
6/18/2022,48,45,89,SSE,9,0,29.62,0,Light Rain
6/18/2022,48,45,87,SSE,9,0,29.62,0,Light Rain
6/18/2022,48,46,93,SSE,9,0,29.62,0,Light Drizzle
6/18/2022,48,45,89,SSE,9,0,29.62,0,Light Drizzle
6/18/2022,48,45,87,SSE,9,0,29.62,0,Light Drizzle
6/18/2022,46,45,93,SSE,8,0,29.62,0,Light Drizzle
6/18/2022,46,45,93,SSE,8,0,29.62,0,Light Drizzle
6/18/2022,46,45,93,SSE,9,0,29.62,0,Light Drizzle
6/18/2022,46,45,93,SSE,9,0,29.62,0,Light Rain
6/18/2022,47,45,93,SSE,8,0,29.62,0,Light Rain
6/18/2022,46,45,93,SSE,8,0,29.62,0,Light Rain
6/18/2022,47,45,93,SSE,6,0,29.63,0,Light Rain
6/18/2022,46,45,93,SSE,5,0,29.63,0,Light Rain
6/18/2022,46,45,93,S,6,0,29.63,0,Light Rain
6/18/2022,46,45,93,SSE,6,0,29.63,0,Light Rain
6/18/2022,46,45,93,SSE,3,0,29.63,0,Light Rain
6/18/2022,46,45,93,SSE,3,0,29.64,0,Light Rain
6/18/2022,46,45,96,SSE,5,0,29.64,0,Light Rain
6/18/2022,46,45,93,SSE,3,0,29.65,0,Light Rain
6/18/2022,46,45,96,CALM,0,0,29.65,0,Light Rain
6/18/2022,46,45,96,CALM,0,0,29.66,0,Light Rain
6/19/2022,46,45,93,CALM,0,0,29.66,0,Light Rain
6/19/2022,45,44,97,CALM,0,0,29.67,0,Light Rain
6/19/2022,46,45,93,CALM,0,0,29.67,0,Light Rain
6/19/2022,45,44,97,NNE,3,0,29.68,0,Light Rain
6/19/2022,45,45,100,CALM,0,0,29.68,0,Light Rain
6/19/2022,45,44,97,ENE,3,0,29.69,0,Light Rain
6/19/2022,46,44,93,N,3,0,29.7,0,Light Rain
6/19/2022,46,45,93,N,3,0,29.7,0,Light Rain
6/19/2022,46,45,93,NNE,3,0,29.7,0,Light Rain
6/19/2022,45,44,97,NNE,5,0,29.7,0,Light Rain
6/19/2022,45,43,93,NE,3,0,29.72,0,Light Rain
6/19/2022,45,43,93,NE,3,0,29.72,0,Light Rain
6/19/2022,45,43,93,NE,3,0,29.72,0,Light Rain
6/19/2022,45,43,93,CALM,0,0,29.73,0,Light Rain
6/19/2022,45,43,93,CALM,0,0,29.74,0,Mostly Cloudy
6/19/2022,46,44,93,WNW,3,0,29.75,0,Mostly Cloudy
6/19/2022,47,44,90,WNW,3,0,29.77,0,Mostly Cloudy
6/19/2022,46,45,93,WNW,5,0,29.79,0,Mostly Cloudy
6/19/2022,50,44,80,WSW,3,0,29.79,0,Mostly Cloudy
6/19/2022,49,43,80,NNE,6,0,29.8,0,Mostly Cloudy
6/19/2022,51,43,74,N,5,0,29.84,0,Mostly Cloudy
6/19/2022,53,43,69,NNE,5,0,29.84,0,Mostly Cloudy
6/19/2022,54,44,69,N,8,0,29.86,0,Mostly Cloudy
6/19/2022,54,45,72,NW,10,0,29.87,0,Mostly Cloudy
6/19/2022,55,43,64,NNW,9,0,29.88,0,Cloudy
6/19/2022,55,43,63,N,8,0,29.88,0,Mostly Cloudy
6/19/2022,54,44,69,N,10,0,29.93,0,Mostly Cloudy
6/19/2022,53,44,71,N,8,0,29.95,0,Cloudy
6/19/2022,53,44,71,NNW,12,0,29.96,0,Cloudy
6/19/2022,51,45,80,NNE,7,0,29.99,0,Cloudy
6/19/2022,50,45,83,N,7,0,30.02,0,Mostly Cloudy
6/20/2022,49,46,90,NNW,8,0,30.04,0,Cloudy
6/20/2022,50,46,87,NNW,9,0,30.04,0,Cloudy
6/20/2022,49,45,86,NNW,7,0,30.07,0,Cloudy
6/20/2022,48,45,87,NNW,5,0,30.07,0,Mostly Cloudy
6/20/2022,48,44,86,NW,8,0,30.08,0,Cloudy
6/20/2022,47,44,90,CALM,0,0,30.09,0,Fair
6/20/2022,46,45,93,NNW,12,0,30.11,0,Mostly Cloudy
6/20/2022,48,44,86,NNW,10,0,30.11,0,Cloudy
6/20/2022,48,45,87,NNW,7,0,30.13,0,Partly Cloudy
6/20/2022,48,44,86,NNW,10,0,30.13,0,Partly Cloudy
6/20/2022,48,45,89,NNW,7,0,30.15,0,Partly Cloudy
6/20/2022,50,45,82,N,12,0,30.16,0,Partly Cloudy
6/20/2022,51,44,77,NNW,13,0,30.17,0,Partly Cloudy
6/20/2022,52,45,77,NW,10,0,30.17,0,Partly Cloudy
6/20/2022,52,45,76,NNW,13,0,30.18,0,Mostly Cloudy
6/20/2022,54,45,72,N,12,0,30.21,0,Mostly Cloudy
6/20/2022,54,44,69,N,10,0,30.21,0,Mostly Cloudy
6/20/2022,54,46,77,N,10,0,30.19,0,Mostly Cloudy
6/20/2022,54,46,77,N,10,0,30.19,0,Mostly Cloudy
6/20/2022,54,46,75,N,12,0,30.19,0,Mostly Cloudy
6/20/2022,54,45,72,N,12,0,30.19,0,Mostly Cloudy
6/20/2022,54,46,77,NNE,14,0,30.21,0,Partly Cloudy
6/20/2022,54,46,75,NNE,10,0,30.21,0,Partly Cloudy
6/20/2022,54,46,77,N,13,0,30.22,0,Partly Cloudy
6/20/2022,54,46,75,N,12,0,30.22,0,Partly Cloudy
6/20/2022,55,46,72,NNE,12,0,30.22,0,Partly Cloudy
6/20/2022,54,46,77,NNE,12,0,30.22,0,Partly Cloudy
6/20/2022,54,47,77,NNE,14,0,30.22,0,Partly Cloudy
6/20/2022,55,46,72,NNE,10,0,30.23,0,Partly Cloudy
6/20/2022,55,46,72,NNE,8,0,30.24,0,Fair
6/20/2022,57,46,67,NE,7,0,30.25,0,Fair
6/20/2022,55,46,72,N,10,0,30.25,0,Fair
6/20/2022,54,46,75,N,9,0,30.26,0,Fair
6/20/2022,53,45,74,N,10,0,30.28,0,Fair
6/20/2022,50,44,80,NNE,7,0,30.31,0,Fair
6/20/2022,48,43,83,NNE,7,0,30.32,0,Fair
6/21/2022,47,43,86,N,7,0,30.33,0,Fair
6/21/2022,47,43,86,NW,5,0,30.35,0,Fair
6/21/2022,45,42,90,NW,6,0,30.35,0,Fair
6/21/2022,45,41,86,NNE,5,0,30.36,0,Fair
6/21/2022,45,41,86,N,5,0,30.36,0,Fair
6/21/2022,46,41,83,NNW,9,0,30.36,0,Fair
6/21/2022,45,41,86,NNW,7,0,30.37,0,Fair
6/21/2022,46,42,86,NNW,6,0,30.37,0,Fair
6/21/2022,49,42,77,N,8,0,30.38,0,Fair
6/21/2022,51,42,71,NNW,9,0,30.38,0,Fair
6/21/2022,52,44,74,N,9,0,30.37,0,Fair
6/21/2022,53,44,71,N,10,0,30.37,0,Fair
6/21/2022,54,44,69,N,12,0,30.37,0,Fair
6/21/2022,54,44,69,N,13,0,30.38,0,Fair
6/21/2022,55,44,67,NNE,13,0,30.38,0,Fair
6/21/2022,55,45,67,N,13,0,30.37,0,Fair
6/21/2022,57,44,62,N,12,0,30.37,0,Fair
6/21/2022,57,45,63,N,12,0,30.37,0,Fair
6/21/2022,57,45,64,NNE,13,0,30.37,0,Fair
6/21/2022,58,45,62,N,13,0,30.37,0,Fair
6/21/2022,57,45,63,N,13,0,30.36,0,Fair
6/21/2022,57,45,64,N,13,0,30.36,0,Fair
6/21/2022,57,45,63,N,14,0,30.36,0,Fair
6/21/2022,54,44,69,N,15,0,30.36,0,Fair
6/21/2022,53,44,71,N,14,0,30.36,0,Fair
6/21/2022,51,43,74,N,13,0,30.38,0,Fair
6/21/2022,51,41,68,N,12,0,30.39,0,Fair
6/21/2022,50,41,71,N,18,25,30.4,0,Fair
6/22/2022,48,42,80,N,13,0,30.4,0,Fair
6/22/2022,48,42,80,N,13,0,30.41,0,Fair
6/22/2022,47,41,80,NNW,8,0,30.41,0,Fair
6/22/2022,47,41,80,NNW,13,0,30.41,0,Fair
6/22/2022,48,42,80,NNW,14,0,30.4,0,Fair
6/22/2022,50,41,71,N,13,0,30.41,0,Fair
6/22/2022,51,42,71,N,16,0,30.41,0,Fair
6/22/2022,52,42,69,N,13,0,30.41,0,Fair
6/22/2022,54,42,64,N,15,0,30.39,0,Fair
6/22/2022,55,43,64,N,12,0,30.38,0,Partly Cloudy
6/22/2022,56,43,62,N,14,0,30.38,0,Partly Cloudy
6/22/2022,56,43,62,N,15,0,30.38,0,Partly Cloudy
6/22/2022,57,43,59,N,15,0,30.37,0,Partly Cloudy
6/22/2022,57,43,59,N,13,0,30.38,0,Partly Cloudy
6/22/2022,57,43,59,N,16,0,30.37,0,Fair
6/22/2022,55,43,63,N,18,0,30.37,0,Fair
6/22/2022,55,42,62,N,17,0,30.37,0,Fair
6/22/2022,55,43,63,N,17,0,30.37,0,Fair
6/22/2022,55,43,63,N,17,0,30.37,0,Fair
6/22/2022,55,43,63,N,16,0,30.37,0,Fair
6/22/2022,54,42,64,N,14,0,30.39,0,Fair
6/22/2022,52,41,66,N,16,0,30.39,0,Fair
6/22/2022,51,42,71,N,17,0,30.4,0,Fair
6/22/2022,49,42,77,N,14,0,30.4,0,Fair
6/22/2022,48,41,77,N,15,0,30.4,0,Fair
6/23/2022,48,41,77,NNW,13,0,30.4,0,Fair
6/23/2022,47,41,80,N,7,0,30.4,0,Fair
6/23/2022,48,41,77,N,10,0,30.38,0,Fair
6/23/2022,47,40,77,NW,6,0,30.38,0,Fair
6/23/2022,47,43,86,N,10,0,30.36,0,Fair
6/23/2022,49,43,80,N,10,0,30.36,0,Fair
6/23/2022,50,43,77,N,12,0,30.36,0,Fair
6/23/2022,51,43,74,NNE,7,0,30.36,0,Fair
6/23/2022,54,45,72,NNE,8,0,30.34,0,Fair
6/23/2022,54,45,72,NNE,9,0,30.33,0,Fair
6/23/2022,55,46,72,NNE,9,0,30.33,0,Fair
6/23/2022,57,46,67,NE,5,0,30.33,0,Fair
6/23/2022,57,46,67,SSE,7,0,30.33,0,Fair
6/23/2022,57,45,64,SSE,8,0,30.32,0,Fair
6/23/2022,58,43,58,SSE,10,0,30.31,0,Fair
6/23/2022,57,43,59,SSE,9,0,30.31,0,Fair
6/23/2022,59,42,53,SSE,12,0,30.31,0,Fair
6/23/2022,60,43,53,SSE,13,0,30.3,0,Fair
6/23/2022,60,44,55,SSE,13,0,30.29,0,Fair
6/23/2022,61,45,56,SSE,8,0,30.29,0,Fair
6/23/2022,57,46,67,NNE,5,0,30.29,0,Fair
6/23/2022,53,47,80,SW,3,0,30.29,0,Fair
6/23/2022,51,47,86,NNE,6,0,30.29,0,Fair
6/23/2022,50,46,86,CALM,0,0,30.32,0,Fair
6/24/2022,47,45,93,CALM,0,0,30.32,0,Fair
6/24/2022,46,44,93,CALM,0,0,30.32,0,Fair
6/24/2022,47,45,93,CALM,0,0,30.32,0,Fair
6/24/2022,46,44,93,CALM,0,0,30.33,0,Fair
6/24/2022,45,44,97,CALM,0,0,30.32,0,Fair
6/24/2022,45,45,100,CALM,0,0,30.32,0,Mostly Cloudy
6/24/2022,46,45,93,CALM,0,0,30.32,0,Cloudy
6/24/2022,46,45,93,CALM,0,0,30.32,0,Fog
6/24/2022,46,45,93,CALM,0,0,30.32,0,Fog
6/24/2022,46,45,93,CALM,0,0,30.32,0,Fog
6/24/2022,46,45,93,CALM,0,0,30.32,0,Fog
6/24/2022,46,45,96,CALM,0,0,30.32,0,Fog
6/24/2022,46,45,96,SSE,5,0,30.32,0,Fog
6/24/2022,46,45,93,CALM,0,0,30.32,0,Fog
6/24/2022,46,45,96,CALM,0,0,30.32,0,Fog
6/24/2022,46,46,100,CALM,0,0,30.32,0,Fog
6/24/2022,46,46,100,SSE,8,0,30.32,0,Fog
6/24/2022,46,45,93,SSE,6,0,30.32,0,Light Drizzle
6/24/2022,47,46,97,SSE,3,0,30.33,0,Cloudy
6/24/2022,48,45,87,SSE,6,0,30.33,0,Cloudy
6/24/2022,48,45,89,SSE,6,0,30.33,0,Cloudy
6/24/2022,50,45,83,SSE,6,0,30.33,0,Cloudy
6/24/2022,51,45,80,SSE,10,0,30.33,0,Mostly Cloudy
6/24/2022,51,45,80,SSE,8,0,30.33,0,Mostly Cloudy
6/24/2022,50,44,80,SSE,10,0,30.32,0,Mostly Cloudy
6/24/2022,51,45,80,SSE,8,0,30.33,0,Mostly Cloudy
6/24/2022,51,45,80,SSE,8,0,30.32,0,Mostly Cloudy
6/24/2022,51,45,80,SSE,8,0,30.29,0,Mostly Cloudy
6/24/2022,51,45,80,SSE,8,0,30.29,0,Fair
6/24/2022,49,45,86,SSE,5,0,30.29,0,Fair
6/24/2022,49,44,83,SSE,9,0,30.29,0,Fair
6/24/2022,48,45,89,SSE,7,0,30.29,0,Partly Cloudy
6/24/2022,48,45,87,SSE,6,0,30.29,0,Mostly Cloudy
6/24/2022,49,45,86,S,8,0,30.3,0,Cloudy
6/25/2022,48,45,89,ESE,3,0,30.27,0,Cloudy
6/25/2022,48,45,87,SE,3,0,30.27,0,Cloudy
6/25/2022,48,45,87,SSE,5,0,30.26,0,Cloudy
6/25/2022,48,45,89,CALM,0,0,30.26,0,Cloudy
6/25/2022,48,45,87,SE,5,0,30.26,0,Cloudy
6/25/2022,48,44,86,CALM,0,0,30.24,0,Cloudy
6/25/2022,48,44,86,CALM,0,0,30.22,0,Cloudy
6/25/2022,48,46,93,CALM,0,0,30.21,0,Light Rain
6/25/2022,49,46,90,CALM,0,0,30.19,0,Light Rain
6/25/2022,50,47,89,VAR,5,0,30.17,0,Cloudy
6/25/2022,50,47,89,SSE,6,0,30.16,0,Light Rain
6/25/2022,51,47,86,SE,10,16,30.15,0,Light Rain
6/25/2022,52,47,83,SSE,12,22,30.15,0,Cloudy
6/25/2022,52,47,83,SSE,12,21,30.14,0,Light Rain
6/25/2022,53,46,77,SE,12,18,30.11,0,Cloudy
6/25/2022,52,46,82,SSE,10,30,30.11,0,Light Drizzle
6/25/2022,54,46,77,SE,9,16,30.1,0,Light Drizzle
6/25/2022,53,47,80,SE,10,17,30.1,0,Light Drizzle
6/25/2022,52,48,88,SE,14,20,30.1,0,Light Rain
6/25/2022,52,48,88,SSE,14,21,30.1,0,Light Rain
6/25/2022,52,48,88,SSE,13,20,30.09,0,Light Rain
6/25/2022,51,48,89,SSE,13,18,30.09,0,Light Rain
6/25/2022,52,48,88,SSE,15,21,30.09,0,Light Rain
6/25/2022,52,48,88,SSE,15,21,30.09,0,Light Rain
6/25/2022,52,48,88,SSE,14,22,30.09,0,Light Rain
6/25/2022,52,48,88,SSE,16,22,30.09,0,Light Rain
6/25/2022,51,50,96,SSE,15,23,30.08,0,Light Rain
6/25/2022,52,50,94,SSE,16,23,30.08,0,Light Rain
6/25/2022,52,48,88,SSE,14,23,30.08,0,Light Rain
6/25/2022,52,48,88,SE,15,22,30.07,0,Light Rain
6/25/2022,51,49,92,SE,16,24,30.07,0,Light Rain
6/25/2022,50,49,96,SSE,15,22,30.06,0,Light Rain
6/25/2022,50,48,94,SSE,16,22,30.04,0,Light Rain
6/25/2022,50,48,93,SSE,16,23,30.04,0,Light Rain
6/25/2022,48,48,100,SSE,16,22,30.04,0,Light Rain
6/25/2022,49,48,97,SSE,14,22,30.04,0,Light Rain
6/25/2022,48,48,100,SSE,16,23,30.04,0,Light Rain
6/26/2022,48,48,100,SSE,16,23,30.04,0,Light Rain
6/26/2022,49,48,97,SSE,15,21,30.04,0,Light Rain
6/26/2022,48,48,100,SSE,17,23,30.04,0,Light Rain
6/26/2022,48,48,100,SSE,17,23,30.04,0,Light Rain
6/26/2022,49,48,97,SSE,15,24,30.04,0,Light Rain
6/26/2022,48,48,100,SSE,17,26,30.04,0,Light Rain
6/26/2022,48,48,100,SSE,16,25,30.04,0,Light Rain
6/26/2022,49,48,97,SSE,14,21,30.04,0,Light Rain
6/26/2022,49,48,97,SSE,14,21,30.04,0,Light Rain
6/26/2022,48,48,100,SSE,15,22,30.03,0,Light Rain
6/26/2022,49,48,97,SSE,15,21,30.03,0,Light Rain
6/26/2022,48,48,100,SSE,14,20,30.03,0,Light Rain
6/26/2022,50,48,94,SSE,14,21,30.03,0,Light Rain
6/26/2022,49,48,97,SSE,14,22,30.03,0,Light Drizzle
6/26/2022,48,48,100,SSE,13,18,30.04,0,Light Rain
6/26/2022,48,48,100,SSE,12,0,30.04,0,Light Rain
6/26/2022,49,48,97,SSE,14,0,30.04,0,Light Rain
6/26/2022,48,48,100,SSE,13,0,30.06,0,Light Rain
6/26/2022,50,48,94,SSE,10,0,30.06,0,Light Rain
6/26/2022,50,49,96,SSE,12,0,30.06,0,Light Rain
6/26/2022,50,48,94,SSE,9,0,30.06,0,Light Rain
6/26/2022,50,48,94,SSE,10,0,30.06,0,Light Rain
6/26/2022,50,49,96,SSE,12,0,30.06,0,Light Rain
6/26/2022,50,48,94,SSE,12,0,30.06,0,Light Rain
6/26/2022,50,49,96,SSE,13,17,30.06,0,Light Rain
6/26/2022,50,49,96,SSE,12,0,30.06,0,Light Rain
6/26/2022,50,49,96,SSE,12,0,30.08,0,Light Rain
6/26/2022,50,48,94,SSE,10,0,30.07,0,Light Rain
6/26/2022,50,49,96,SSE,10,0,30.08,0,Light Rain
6/26/2022,49,49,100,SSE,12,0,30.07,0,Light Drizzle
6/26/2022,48,48,100,SSE,12,0,30.08,0,Light Rain
6/26/2022,49,48,97,SSE,12,0,30.08,0,Cloudy
6/26/2022,48,48,100,SSE,10,0,30.08,0,Cloudy
6/26/2022,48,48,100,SSE,10,0,30.09,0,Cloudy
6/26/2022,49,48,97,SSE,9,0,30.09,0,Mostly Cloudy
6/26/2022,48,48,100,SSE,8,0,30.09,0,Cloudy
6/26/2022,49,48,97,SSE,9,0,30.09,0,Cloudy
6/26/2022,48,46,93,SSE,7,0,30.09,0,Cloudy
6/26/2022,48,46,93,SSE,8,0,30.1,0,Cloudy
6/26/2022,48,46,93,SSE,8,0,30.1,0,Cloudy
6/26/2022,48,47,96,SSE,7,0,30.1,0,Cloudy
6/26/2022,48,46,93,SSE,8,0,30.1,0,Fog
6/26/2022,48,46,93,SSE,9,0,30.11,0,Fog
6/26/2022,46,46,100,SSE,10,0,30.11,0,Fog
6/26/2022,46,46,100,SSE,9,0,30.11,0,Fog
6/26/2022,46,46,100,SSE,9,0,30.11,0,Fog
6/26/2022,47,46,97,SSE,8,0,30.11,0,Fog
6/27/2022,46,46,100,SSE,10,0,30.13,0,Fog
6/27/2022,46,46,100,SSE,8,0,30.13,0,Cloudy
6/27/2022,46,46,100,SSE,8,0,30.13,0,Cloudy
6/27/2022,47,46,97,SSE,9,0,30.13,0,Cloudy
6/27/2022,46,46,100,SE,7,0,30.13,0,Cloudy
6/27/2022,47,46,97,SSE,7,0,30.14,0,Cloudy
6/27/2022,47,46,97,SSE,5,0,30.15,0,Light Rain
6/27/2022,46,46,100,SSE,3,0,30.15,0,Light Rain
6/27/2022,46,46,100,SSE,3,0,30.15,0,Light Rain
6/27/2022,47,46,97,SSE,6,0,30.15,0,Cloudy
6/27/2022,46,46,100,SSE,8,0,30.15,0,Fog
6/27/2022,48,47,96,SSE,10,0,30.15,0,Cloudy
6/27/2022,48,46,93,SSE,9,0,30.15,0,Fog
6/27/2022,48,46,93,SSE,9,0,30.15,0,Light Rain
6/27/2022,48,47,96,SSE,9,0,30.14,0,Cloudy
6/27/2022,48,46,93,SSE,9,0,30.14,0,Cloudy
6/27/2022,46,46,100,SSE,8,0,30.14,0,Mostly Cloudy
6/27/2022,48,46,93,SSE,7,0,30.15,0,Mostly Cloudy
6/27/2022,48,47,96,SSE,7,0,30.15,0,Mostly Cloudy
6/27/2022,48,46,93,SSE,7,0,30.15,0,Mostly Cloudy
6/27/2022,48,46,93,SSE,8,0,30.15,0,Cloudy
6/27/2022,48,47,96,SSE,7,0,30.15,0,Mostly Cloudy
6/27/2022,48,46,93,SSE,7,0,30.15,0,Mostly Cloudy
6/27/2022,50,48,94,SSE,7,0,30.15,0,Mostly Cloudy
6/27/2022,50,48,93,SSE,8,0,30.15,0,Mostly Cloudy
6/27/2022,50,46,87,SSE,8,0,30.15,0,Mostly Cloudy
6/27/2022,50,46,87,SSE,8,0,30.15,0,Mostly Cloudy
6/27/2022,50,46,87,SSE,8,0,30.15,0,Mostly Cloudy
6/27/2022,50,46,87,SSE,9,0,30.16,0,Mostly Cloudy
6/27/2022,52,48,88,SSE,9,0,30.16,0,Mostly Cloudy
6/27/2022,52,46,82,SSE,9,0,30.15,0,Mostly Cloudy
6/27/2022,51,47,86,SSE,10,0,30.15,0,Mostly Cloudy
6/27/2022,53,47,80,SSE,10,0,30.15,0,Mostly Cloudy
6/27/2022,54,46,77,SSE,10,0,30.15,0,Mostly Cloudy
6/27/2022,54,48,82,SSE,10,0,30.15,0,Mostly Cloudy
6/27/2022,54,48,80,SSE,12,0,30.15,0,Mostly Cloudy
6/27/2022,54,48,82,SSE,12,0,30.15,0,Mostly Cloudy
6/27/2022,52,46,82,SSE,10,0,30.17,0,Mostly Cloudy
6/27/2022,52,47,83,SSE,8,0,30.18,0,Mostly Cloudy
6/27/2022,52,46,82,SSE,9,0,30.18,0,Mostly Cloudy
6/27/2022,52,46,82,SSE,9,0,30.18,0,Mostly Cloudy
6/27/2022,52,47,83,SSE,8,0,30.17,0,Mostly Cloudy
6/27/2022,54,49,83,SSE,13,0,30.17,0,Mostly Cloudy
6/27/2022,54,48,82,SSE,12,0,30.17,0,Partly Cloudy
6/27/2022,54,48,82,SSE,12,0,30.17,0,Mostly Cloudy
6/27/2022,52,47,83,SSE,8,0,30.17,0,Mostly Cloudy
6/27/2022,54,46,77,SSE,7,0,30.17,0,Mostly Cloudy
6/27/2022,53,46,77,SSE,8,0,30.17,0,Mostly Cloudy
6/27/2022,54,46,77,SSE,6,0,30.17,0,Mostly Cloudy
6/27/2022,54,45,72,SSE,7,0,30.17,0,Mostly Cloudy
6/27/2022,52,46,82,NE,5,0,30.15,0,Cloudy
6/27/2022,51,46,83,N,3,0,30.16,0,Cloudy
6/27/2022,51,45,80,SSE,5,0,30.17,0,Cloudy
6/27/2022,50,45,83,SSE,5,0,30.16,0,Cloudy
6/27/2022,50,46,86,SSE,3,0,30.17,0,Cloudy
6/28/2022,49,45,86,CALM,0,0,30.17,0,Cloudy
6/28/2022,49,46,90,CALM,0,0,30.16,0,Cloudy
6/28/2022,49,47,93,CALM,0,0,30.16,0,Cloudy
6/28/2022,49,45,86,NNE,3,0,30.15,0,Cloudy
6/28/2022,49,46,90,CALM,0,0,30.15,0,Cloudy
6/28/2022,48,46,93,CALM,0,0,30.15,0,Cloudy
6/28/2022,49,46,90,CALM,0,0,30.15,0,Cloudy
6/28/2022,48,46,93,N,3,0,30.15,0,Light Drizzle
6/28/2022,48,46,93,CALM,0,0,30.15,0,Light Drizzle
6/28/2022,48,46,93,CALM,0,0,30.14,0,Cloudy
6/28/2022,48,46,93,NNE,3,0,30.14,0,Cloudy
6/28/2022,48,47,96,CALM,0,0,30.14,0,Cloudy
6/28/2022,48,46,93,CALM,0,0,30.14,0,Cloudy
6/28/2022,48,46,93,CALM,0,0,30.14,0,Light Drizzle
6/28/2022,48,46,93,N,3,0,30.14,0,Cloudy
6/28/2022,48,46,93,NNW,3,0,30.14,0,Cloudy
6/28/2022,48,46,93,N,3,0,30.14,0,Fog
6/28/2022,48,46,93,NNE,3,0,30.14,0,Fog
6/28/2022,49,47,93,N,3,0,30.13,0,Fog
6/28/2022,48,46,93,N,3,0,30.13,0,Fog
6/28/2022,48,48,100,N,5,0,30.13,0,Fog
6/28/2022,49,48,97,N,3,0,30.13,0,Fog
6/28/2022,48,48,100,NNE,5,0,30.13,0,Fog
6/28/2022,48,48,100,N,3,0,30.13,0,Light Drizzle
6/28/2022,48,48,100,N,3,0,30.13,0,Cloudy
6/28/2022,50,48,94,N,5,0,30.13,0,Cloudy
6/28/2022,50,48,94,N,3,0,30.13,0,Cloudy
6/28/2022,50,48,94,N,5,0,30.13,0,Cloudy
6/28/2022,50,49,96,N,5,0,30.13,0,Fog
6/28/2022,50,48,94,N,5,0,30.13,0,Fog
6/28/2022,50,48,94,NNE,5,0,30.13,0,Cloudy
6/28/2022,52,50,94,SSW,3,0,30.13,0,Cloudy
6/28/2022,52,48,88,SSW,3,0,30.13,0,Cloudy
6/28/2022,51,49,92,SSW,3,0,30.13,0,Cloudy
6/28/2022,52,48,88,SSW,3,0,30.13,0,Cloudy
6/28/2022,52,48,88,CALM,0,0,30.11,0,Cloudy
6/28/2022,52,48,88,CALM,0,0,30.11,0,Cloudy
6/28/2022,52,48,88,CALM,0,0,30.11,0,Cloudy
6/28/2022,52,48,88,W,3,0,30.11,0,Cloudy
6/28/2022,52,50,93,CALM,0,0,30.11,0,Cloudy
6/28/2022,52,48,88,WSW,3,0,30.1,0,Cloudy
6/28/2022,52,49,89,WSW,3,0,30.1,0,Cloudy
6/28/2022,52,48,88,WSW,3,0,30.1,0,Cloudy
6/28/2022,54,50,88,WNW,3,0,30.1,0,Cloudy
6/28/2022,53,50,89,WNW,3,0,30.1,0,Cloudy
6/28/2022,54,50,88,CALM,0,0,30.09,0,Cloudy
6/28/2022,53,50,89,WNW,3,0,30.09,0,Cloudy
6/28/2022,54,50,88,VAR,3,0,30.09,0,Cloudy
6/28/2022,52,50,93,S,3,0,30.09,0,Light Rain
6/28/2022,52,50,93,S,7,0,30.09,0,Light Rain
6/28/2022,52,50,94,S,5,0,30.09,0,Light Rain
6/28/2022,52,50,94,SSE,5,0,30.09,0,Light Rain
6/28/2022,52,50,94,SSE,6,0,30.09,0,Light Rain
6/28/2022,51,50,96,S,6,0,30.1,0,Light Rain
6/28/2022,52,50,94,SSE,3,0,30.09,0,Light Rain
6/28/2022,52,50,94,SSE,5,0,30.09,0,Light Rain
6/28/2022,51,50,96,S,6,0,30.09,0,Light Rain
6/28/2022,50,50,100,S,5,0,30.1,0,Cloudy
6/28/2022,50,50,100,SSE,6,0,30.1,0,Fog
6/29/2022,50,50,100,S,7,0,30.11,0,Fog
6/29/2022,50,50,100,SSE,6,0,30.11,0,Cloudy
6/29/2022,50,50,100,SSE,5,0,30.11,0,Cloudy
6/29/2022,51,50,96,CALM,0,0,30.1,0,Cloudy
6/29/2022,50,48,94,SSW,3,0,30.1,0,Cloudy
6/29/2022,50,48,94,CALM,0,0,30.1,0,Cloudy
6/29/2022,50,49,96,CALM,0,0,30.11,0,Cloudy
6/29/2022,50,50,100,CALM,0,0,30.11,0,Cloudy
6/29/2022,50,50,100,CALM,0,0,30.11,0,Fog
6/29/2022,52,50,94,CALM,0,0,30.11,0,Fog
6/29/2022,50,48,94,CALM,0,0,30.11,0,Fog
6/29/2022,50,50,100,CALM,0,0,30.11,0,Fog
6/29/2022,50,50,100,CALM,0,0,30.11,0,Fog
6/29/2022,50,50,100,CALM,0,0,30.11,0,Fog
6/29/2022,50,50,100,CALM,0,0,30.11,0,Fog
6/29/2022,50,49,96,CALM,0,0,30.11,0,Fog
6/29/2022,50,50,100,CALM,0,0,30.11,0,Fog
6/29/2022,48,48,100,CALM,0,0,30.11,0,Fog
6/29/2022,49,49,100,CALM,0,0,30.11,0,Fog
6/29/2022,48,48,100,CALM,0,0,30.11,0,Fog
6/29/2022,48,48,100,WNW,3,0,30.13,0,Fog
6/29/2022,48,48,100,CALM,0,0,30.13,0,Fog
6/29/2022,49,48,97,CALM,0,0,30.13,0,Fog
6/29/2022,48,48,100,CALM,0,0,30.14,0,Fog
6/29/2022,48,48,100,CALM,0,0,30.13,0,Fog
6/29/2022,48,48,100,CALM,0,0,30.14,0,Mostly Cloudy
6/29/2022,50,49,96,CALM,0,0,30.14,0,Mostly Cloudy
6/29/2022,50,48,94,CALM,0,0,30.14,0,Mostly Cloudy
6/29/2022,51,49,92,SSW,3,0,30.11,0,Mostly Cloudy
6/29/2022,52,48,88,SSW,3,0,30.11,0,Partly Cloudy
6/29/2022,52,48,88,VAR,3,0,30.11,0,Mostly Cloudy
6/29/2022,52,48,88,S,7,0,30.11,0,Mostly Cloudy
6/29/2022,53,49,86,S,7,0,30.11,0,Mostly Cloudy
6/29/2022,54,50,88,SSE,7,0,30.11,0,Partly Cloudy
6/29/2022,54,48,82,S,7,0,30.11,0,Partly Cloudy
6/29/2022,52,50,94,S,8,0,30.11,0,Partly Cloudy
6/29/2022,54,48,80,SSE,9,0,30.11,0,Mostly Cloudy
6/29/2022,55,48,77,SSE,7,0,30.11,0,Mostly Cloudy
6/29/2022,57,48,72,SSE,8,0,30.13,0,Mostly Cloudy
6/29/2022,57,48,72,SSE,8,0,30.11,0,Mostly Cloudy
6/29/2022,58,48,70,SSE,8,0,30.11,0,Mostly Cloudy
6/29/2022,57,48,72,SSE,10,0,30.11,0,Partly Cloudy
6/29/2022,58,48,70,SSE,9,0,30.11,0,Partly Cloudy
6/29/2022,57,46,67,SSE,12,0,30.11,0,Partly Cloudy
6/29/2022,57,47,69,SSE,10,0,30.11,0,Partly Cloudy
6/29/2022,55,48,77,SSE,12,0,30.11,0,Fair
6/29/2022,56,48,75,SSE,10,0,30.11,0,Fair
6/29/2022,55,46,72,SSE,15,0,30.11,0,Partly Cloudy
6/29/2022,54,46,77,SSE,12,0,30.11,0,Partly Cloudy
6/29/2022,54,48,82,SSE,12,0,30.11,0,Fair
6/29/2022,51,47,86,SSE,10,0,30.11,0,Cloudy
6/29/2022,51,48,89,SSE,13,0,30.13,0,Cloudy
6/29/2022,51,49,92,SSE,9,0,30.11,0,Cloudy
6/29/2022,52,48,88,SSE,10,0,30.11,0,Cloudy
6/29/2022,50,48,94,SSE,12,0,30.11,0,Cloudy
6/29/2022,51,49,92,SSE,8,0,30.11,0,Cloudy
6/30/2022,50,49,96,SSE,5,0,30.1,0,Cloudy
6/30/2022,50,48,94,SSE,8,0,30.1,0,Cloudy
6/30/2022,50,49,96,VAR,3,0,30.1,0,Cloudy
6/30/2022,50,48,94,SSE,7,0,30.09,0,Cloudy
6/30/2022,50,49,96,SE,6,0,30.09,0,Cloudy
6/30/2022,50,48,94,SSE,5,0,30.09,0,Light Rain
6/30/2022,50,48,94,VAR,5,0,30.08,0,Light Rain
6/30/2022,50,49,96,CALM,0,0,30.06,0,Light Rain
6/30/2022,50,48,94,VAR,3,0,30.03,0,Light Rain
6/30/2022,50,48,94,CALM,0,0,30.03,0,Light Rain
6/30/2022,50,49,96,CALM,0,0,30.03,0,Light Rain
6/30/2022,50,48,94,CALM,0,0,30.03,0,Light Rain
6/30/2022,50,48,94,CALM,0,0,30.03,0,Light Rain
6/30/2022,50,48,94,VAR,3,0,30.02,0,Light Rain
6/30/2022,50,49,96,SE,3,0,30.02,0,Fog
6/30/2022,50,48,94,VAR,3,0,30.02,0,Fog
6/30/2022,52,48,88,SSE,5,0,30,0,Light Rain
6/30/2022,52,48,88,VAR,5,0,30,0,Light Rain
6/30/2022,52,48,88,CALM,0,0,29.99,0,Light Rain
6/30/2022,51,49,92,VAR,3,0,29.99,0,Light Rain
6/30/2022,52,48,88,VAR,3,0,29.99,0,Light Rain
6/30/2022,52,50,94,CALM,0,0,29.99,0,Light Rain
6/30/2022,52,50,94,VAR,5,0,29.96,0,Light Rain
6/30/2022,51,50,96,VAR,3,0,29.96,0,Light Rain
6/30/2022,51,50,96,VAR,6,0,29.96,0,Light Rain
6/30/2022,52,50,94,SSE,7,0,29.95,0,Light Rain
6/30/2022,52,50,94,VAR,6,0,29.95,0,Light Rain
6/30/2022,52,50,94,SSE,6,0,29.94,0,Light Rain
6/30/2022,52,50,94,VAR,6,0,29.94,0,Light Rain
6/30/2022,52,50,94,SSE,7,0,29.94,0,Light Rain
6/30/2022,51,50,96,SSE,8,0,29.93,0,Light Rain
6/30/2022,52,50,94,SSE,7,0,29.93,0,Light Rain
6/30/2022,52,50,94,SSE,10,0,29.93,0,Light Rain
6/30/2022,52,50,93,VAR,6,0,29.92,0,Light Rain
6/30/2022,53,51,93,SSE,9,16,29.89,0,Light Rain
6/30/2022,54,52,94,SE,10,17,29.89,0,Light Rain
6/30/2022,52,50,94,SSE,9,16,29.87,0,Light Rain
6/30/2022,52,50,93,SE,9,17,29.86,0,Light Rain
6/30/2022,52,50,94,SE,8,0,29.86,0,Light Rain
6/30/2022,52,50,94,SSE,12,0,29.86,0,Light Rain
6/30/2022,52,50,94,SSE,9,0,29.85,0,Light Rain
6/30/2022,52,50,93,SE,8,17,29.84,0,Light Rain
6/30/2022,52,50,94,SE,8,0,29.84,0,Light Rain
6/30/2022,52,50,94,SSE,12,0,29.82,0,Light Rain
6/30/2022,52,50,93,SSE,14,18,29.81,0,Light Rain
6/30/2022,52,50,94,SE,15,21,29.81,0,Light Rain
6/30/2022,52,50,93,SSE,16,24,29.79,0,Light Rain
6/30/2022,52,50,93,SSE,17,29,29.78,0,Light Rain
6/30/2022,52,50,94,SSE,17,25,29.77,0,Light Rain
6/30/2022,52,50,94,SSE,16,24,29.77,0,Light Rain
6/30/2022,51,50,96,SSE,16,23,29.76,0,Light Rain
6/30/2022,52,50,94,SSE,14,23,29.76,0,Light Rain
6/30/2022,52,50,94,SE,8,0,29.76,0,Light Rain
6/30/2022,51,50,96,SE,3,0,29.77,0,Light Rain
6/30/2022,52,50,94,VAR,3,0,29.77,0,Light Rain
6/30/2022,51,50,96,VAR,5,0,29.77,0,Light Rain
6/30/2022,50,48,94,CALM,0,0,29.77,0,Light Rain
6/30/2022,50,49,96,CALM,0,0,29.77,0,Light Rain
6/30/2022,50,48,94,CALM,0,0,29.77,0,Light Rain
6/30/2022,50,49,96,CALM,0,0,29.77,0,Light Rain
